trait	beta	se
skin cancer	-0.06092951	0.008648088
trans-urocanate	0.2271	0.0218
childhood sunburns	-0.0312276	0.00244247
vitamin D	-0.0414	0.00245
histidine	-0.0137711	0.00288072
HAL expression (skin)	0.490308	0.0354033